iteration,loss,params,train_time,n_trees
1,397.1776,"{'colsample_bytree': 0.9500000000000001, 'depth': 7, 'eval_metric': 'rmse', 'gamma': 1.0, 'min_child_weight': 10.0, 'objective': 'reg:linear', 'subsample': 0.30000000000000004}",619.2947351574508,136
2,417.7885,"{'colsample_bytree': 0.8500000000000001, 'depth': 2, 'eval_metric': 'rmse', 'gamma': 0.6000000000000001, 'min_child_weight': 10.0, 'objective': 'reg:linear', 'subsample': 0.30000000000000004}",698.0562553080122,750
3,395.03107,"{'colsample_bytree': 0.7000000000000001, 'depth': 11, 'eval_metric': 'rmse', 'gamma': 0.9, 'min_child_weight': 14.0, 'objective': 'reg:linear', 'subsample': 0.4}",411.1659005596025,40
4,468.08694,"{'colsample_bytree': 0.8500000000000001, 'depth': 1, 'eval_metric': 'rmse', 'gamma': 0.35000000000000003, 'min_child_weight': 2.0, 'objective': 'reg:linear', 'subsample': 0.30000000000000004}",434.1037448587649,837
5,393.5026,"{'colsample_bytree': 0.75, 'depth': 12, 'eval_metric': 'rmse', 'gamma': 0.45, 'min_child_weight': 12.0, 'objective': 'reg:linear', 'subsample': 0.45}",398.17971710700203,21
6,417.683,"{'colsample_bytree': 0.75, 'depth': 2, 'eval_metric': 'rmse', 'gamma': 0.75, 'min_child_weight': 4.0, 'objective': 'reg:linear', 'subsample': 0.4}",839.748949622955,932
7,411.4221,"{'colsample_bytree': 0.75, 'depth': 15, 'eval_metric': 'rmse', 'gamma': 0.75, 'min_child_weight': 14.0, 'objective': 'reg:linear', 'subsample': 0.15000000000000002}",372.28834597848345,19
8,421.9872,"{'colsample_bytree': 0.9, 'depth': 2, 'eval_metric': 'rmse', 'gamma': 0.45, 'min_child_weight': 12.0, 'objective': 'reg:linear', 'subsample': 0.1}",666.4394274017877,803
9,468.55295,"{'colsample_bytree': 0.9, 'depth': 1, 'eval_metric': 'rmse', 'gamma': 0.7000000000000001, 'min_child_weight': 8.0, 'objective': 'reg:linear', 'subsample': 0.30000000000000004}",439.0641737076676,804
10,399.38376,"{'colsample_bytree': 1.0, 'depth': 15, 'eval_metric': 'rmse', 'gamma': 0.8, 'min_child_weight': 14.0, 'objective': 'reg:linear', 'subsample': 0.45}",842.9730340148972,43
11,406.9734,"{'colsample_bytree': 0.8, 'depth': 4, 'eval_metric': 'rmse', 'gamma': 0.25, 'min_child_weight': 8.0, 'objective': 'reg:linear', 'subsample': 0.35000000000000003}",342.43465788818685,152
12,413.7856,"{'colsample_bytree': 0.75, 'depth': 3, 'eval_metric': 'rmse', 'gamma': 0.05, 'min_child_weight': 8.0, 'objective': 'reg:linear', 'subsample': 0.30000000000000004}",412.56733830928715,309
13,401.1399,"{'colsample_bytree': 0.9, 'depth': 4, 'eval_metric': 'rmse', 'gamma': 0.6000000000000001, 'min_child_weight': 2.0, 'objective': 'reg:linear', 'subsample': 0.30000000000000004}",734.159910042823,367
14,400.24878,"{'colsample_bytree': 1.0, 'depth': 9, 'eval_metric': 'rmse', 'gamma': 0.9, 'min_child_weight': 4.0, 'objective': 'reg:linear', 'subsample': 0.35000000000000003}",396.90860116077056,32
15,415.12973,"{'colsample_bytree': 0.8, 'depth': 12, 'eval_metric': 'rmse', 'gamma': 0.6000000000000001, 'min_child_weight': 2.0, 'objective': 'reg:linear', 'subsample': 0.25}",338.32137368149597,16
16,397.41315,"{'colsample_bytree': 0.9500000000000001, 'depth': 9, 'eval_metric': 'rmse', 'gamma': 0.6000000000000001, 'min_child_weight': 8.0, 'objective': 'reg:linear', 'subsample': 0.45}",448.87150473006477,40
17,403.60025,"{'colsample_bytree': 0.7000000000000001, 'depth': 9, 'eval_metric': 'rmse', 'gamma': 0.0, 'min_child_weight': 12.0, 'objective': 'reg:linear', 'subsample': 0.1}",299.0604314788525,58
18,403.87622,"{'colsample_bytree': 0.7000000000000001, 'depth': 12, 'eval_metric': 'rmse', 'gamma': 0.05, 'min_child_weight': 10.0, 'objective': 'reg:linear', 'subsample': 0.2}",283.71010780236065,16
19,398.31528,"{'colsample_bytree': 0.75, 'depth': 10, 'eval_metric': 'rmse', 'gamma': 0.2, 'min_child_weight': 2.0, 'objective': 'reg:linear', 'subsample': 0.4}",482.2660436674614,59
20,393.4187,"{'colsample_bytree': 0.9, 'depth': 10, 'eval_metric': 'rmse', 'gamma': 0.25, 'min_child_weight': 10.0, 'objective': 'reg:linear', 'subsample': 0.30000000000000004}",454.39863075734866,47
21,396.22418,"{'colsample_bytree': 0.8, 'depth': 4, 'eval_metric': 'rmse', 'gamma': 0.8, 'min_child_weight': 2.0, 'objective': 'reg:linear', 'subsample': 0.7000000000000001}",1249.5878631578398,620
22,387.66904,"{'colsample_bytree': 0.75, 'depth': 12, 'eval_metric': 'rmse', 'gamma': 0.1, 'min_child_weight': 8.0, 'objective': 'reg:linear', 'subsample': 0.8}",467.8208435217239,29
23,391.61566,"{'colsample_bytree': 0.9, 'depth': 6, 'eval_metric': 'rmse', 'gamma': 0.0, 'min_child_weight': 4.0, 'objective': 'reg:linear', 'subsample': 0.9}",550.1989818238271,126
24,411.45914,"{'colsample_bytree': 0.8, 'depth': 2, 'eval_metric': 'rmse', 'gamma': 0.4, 'min_child_weight': 12.0, 'objective': 'reg:linear', 'subsample': 0.9500000000000001}",1390.8655491724003,1428
25,389.20282,"{'colsample_bytree': 0.9500000000000001, 'depth': 10, 'eval_metric': 'rmse', 'gamma': 0.9500000000000001, 'min_child_weight': 2.0, 'objective': 'reg:linear', 'subsample': 1.0}",537.5113771068463,41
26,389.69305,"{'colsample_bytree': 0.9500000000000001, 'depth': 10, 'eval_metric': 'rmse', 'gamma': 0.25, 'min_child_weight': 12.0, 'objective': 'reg:linear', 'subsample': 0.9}",573.1995774116658,44
27,393.7024,"{'colsample_bytree': 1.0, 'depth': 6, 'eval_metric': 'rmse', 'gamma': 0.30000000000000004, 'min_child_weight': 4.0, 'objective': 'reg:linear', 'subsample': 0.9500000000000001}",1026.9875343497333,253
28,387.19757,"{'colsample_bytree': 0.7000000000000001, 'depth': 14, 'eval_metric': 'rmse', 'gamma': 0.75, 'min_child_weight': 14.0, 'objective': 'reg:linear', 'subsample': 0.8500000000000001}",473.79216325713423,22
29,399.59357,"{'colsample_bytree': 0.8500000000000001, 'depth': 3, 'eval_metric': 'rmse', 'gamma': 0.30000000000000004, 'min_child_weight': 8.0, 'objective': 'reg:linear', 'subsample': 0.55}",1535.4033813481255,986
30,391.1377,"{'colsample_bytree': 0.9500000000000001, 'depth': 12, 'eval_metric': 'rmse', 'gamma': 0.45, 'min_child_weight': 12.0, 'objective': 'reg:linear', 'subsample': 0.7000000000000001}",590.4207165784464,32
31,416.82516,"{'colsample_bytree': 0.8500000000000001, 'depth': 2, 'eval_metric': 'rmse', 'gamma': 0.75, 'min_child_weight': 14.0, 'objective': 'reg:linear', 'subsample': 0.9}",908.2354326334644,852
32,394.32315,"{'colsample_bytree': 0.9, 'depth': 7, 'eval_metric': 'rmse', 'gamma': 0.9, 'min_child_weight': 8.0, 'objective': 'reg:linear', 'subsample': 0.55}",426.7948034720466,65
33,391.97882,"{'colsample_bytree': 1.0, 'depth': 7, 'eval_metric': 'rmse', 'gamma': 0.0, 'min_child_weight': 12.0, 'objective': 'reg:linear', 'subsample': 0.7000000000000001}",538.0585879468672,81
34,410.51065,"{'colsample_bytree': 0.9500000000000001, 'depth': 13, 'eval_metric': 'rmse', 'gamma': 0.6000000000000001, 'min_child_weight': 4.0, 'objective': 'reg:linear', 'subsample': 0.9}",570.003642162359,20
35,400.94403,"{'colsample_bytree': 0.9500000000000001, 'depth': 13, 'eval_metric': 'rmse', 'gamma': 0.5, 'min_child_weight': 2.0, 'objective': 'reg:linear', 'subsample': 0.65}",581.4267423750644,21
36,418.11957,"{'colsample_bytree': 0.9, 'depth': 2, 'eval_metric': 'rmse', 'gamma': 0.45, 'min_child_weight': 8.0, 'objective': 'reg:linear', 'subsample': 0.75}",979.6756583218084,880
37,391.77795,"{'colsample_bytree': 0.9, 'depth': 11, 'eval_metric': 'rmse', 'gamma': 0.05, 'min_child_weight': 12.0, 'objective': 'reg:linear', 'subsample': 0.5}",469.713604034474,28
38,389.87555,"{'colsample_bytree': 0.8500000000000001, 'depth': 7, 'eval_metric': 'rmse', 'gamma': 0.8500000000000001, 'min_child_weight': 10.0, 'objective': 'reg:linear', 'subsample': 0.9500000000000001}",729.3451401058628,163
39,388.98746,"{'colsample_bytree': 0.9500000000000001, 'depth': 9, 'eval_metric': 'rmse', 'gamma': 0.45, 'min_child_weight': 12.0, 'objective': 'reg:linear', 'subsample': 0.9}",476.67926167634505,43
40,392.38538,"{'colsample_bytree': 0.7000000000000001, 'depth': 4, 'eval_metric': 'rmse', 'gamma': 0.4, 'min_child_weight': 12.0, 'objective': 'reg:linear', 'subsample': 0.7000000000000001}",1468.8748717096714,844
41,390.40735,"{'colsample_bytree': 0.7000000000000001, 'depth': 14, 'eval_metric': 'rmse', 'gamma': 0.7000000000000001, 'min_child_weight': 6.0, 'objective': 'reg:linear', 'subsample': 0.8}",570.361737666808,35
42,384.72488,"{'colsample_bytree': 0.75, 'depth': 12, 'eval_metric': 'rmse', 'gamma': 0.65, 'min_child_weight': 14.0, 'objective': 'reg:linear', 'subsample': 0.8}",492.12090753859593,35
43,387.13528,"{'colsample_bytree': 0.75, 'depth': 14, 'eval_metric': 'rmse', 'gamma': 0.65, 'min_child_weight': 14.0, 'objective': 'reg:linear', 'subsample': 0.8}",484.90966693265364,20
44,390.41553,"{'colsample_bytree': 0.75, 'depth': 5, 'eval_metric': 'rmse', 'gamma': 0.6000000000000001, 'min_child_weight': 14.0, 'objective': 'reg:linear', 'subsample': 0.8}",1117.8031878863148,472
45,465.85306,"{'colsample_bytree': 0.75, 'depth': 1, 'eval_metric': 'rmse', 'gamma': 0.6000000000000001, 'min_child_weight': 10.0, 'objective': 'reg:linear', 'subsample': 0.75}",779.8968593886711,1513
46,393.45483,"{'colsample_bytree': 0.8, 'depth': 15, 'eval_metric': 'rmse', 'gamma': 1.0, 'min_child_weight': 10.0, 'objective': 'reg:linear', 'subsample': 0.65}",583.0415099386519,23
47,385.46454,"{'colsample_bytree': 0.75, 'depth': 12, 'eval_metric': 'rmse', 'gamma': 0.65, 'min_child_weight': 14.0, 'objective': 'reg:linear', 'subsample': 0.8500000000000001}",490.0484956676373,34
48,386.39667,"{'colsample_bytree': 0.8, 'depth': 12, 'eval_metric': 'rmse', 'gamma': 0.55, 'min_child_weight': 14.0, 'objective': 'reg:linear', 'subsample': 0.8500000000000001}",523.495688482868,35
49,387.5543,"{'colsample_bytree': 0.75, 'depth': 12, 'eval_metric': 'rmse', 'gamma': 0.8500000000000001, 'min_child_weight': 10.0, 'objective': 'reg:linear', 'subsample': 0.8500000000000001}",808.2905288383845,91
50,390.13004,"{'colsample_bytree': 0.8, 'depth': 8, 'eval_metric': 'rmse', 'gamma': 0.7000000000000001, 'min_child_weight': 6.0, 'objective': 'reg:linear', 'subsample': 0.65}",636.7002916680576,116
51,391.11078,"{'colsample_bytree': 0.7000000000000001, 'depth': 12, 'eval_metric': 'rmse', 'gamma': 0.7000000000000001, 'min_child_weight': 14.0, 'objective': 'reg:linear', 'subsample': 1.0}",851.6228046317992,101
52,386.66544,"{'colsample_bytree': 0.8, 'depth': 12, 'eval_metric': 'rmse', 'gamma': 0.8, 'min_child_weight': 10.0, 'objective': 'reg:linear', 'subsample': 0.75}",657.7213107550924,58
53,405.33496,"{'colsample_bytree': 0.75, 'depth': 15, 'eval_metric': 'rmse', 'gamma': 1.0, 'min_child_weight': 6.0, 'objective': 'reg:linear', 'subsample': 0.8500000000000001}",577.9356624014399,26
54,387.66382,"{'colsample_bytree': 0.7000000000000001, 'depth': 9, 'eval_metric': 'rmse', 'gamma': 0.55, 'min_child_weight': 14.0, 'objective': 'reg:linear', 'subsample': 0.8}",865.9914853710507,180
55,389.13495,"{'colsample_bytree': 0.8, 'depth': 11, 'eval_metric': 'rmse', 'gamma': 0.2, 'min_child_weight': 10.0, 'objective': 'reg:linear', 'subsample': 0.9500000000000001}",459.53287567897496,33
56,467.18826,"{'colsample_bytree': 0.75, 'depth': 1, 'eval_metric': 'rmse', 'gamma': 0.9, 'min_child_weight': 12.0, 'objective': 'reg:linear', 'subsample': 0.6000000000000001}",474.1753606882485,894
57,388.2933,"{'colsample_bytree': 0.7000000000000001, 'depth': 8, 'eval_metric': 'rmse', 'gamma': 0.35000000000000003, 'min_child_weight': 14.0, 'objective': 'reg:linear', 'subsample': 0.8500000000000001}",442.5271407806722,79
58,391.53168,"{'colsample_bytree': 0.75, 'depth': 6, 'eval_metric': 'rmse', 'gamma': 0.75, 'min_child_weight': 12.0, 'objective': 'reg:linear', 'subsample': 1.0}",598.7960138912822,185
59,398.91208,"{'colsample_bytree': 0.8500000000000001, 'depth': 3, 'eval_metric': 'rmse', 'gamma': 0.2, 'min_child_weight': 6.0, 'objective': 'reg:linear', 'subsample': 0.8}",1182.5329892159207,771
60,394.26562,"{'colsample_bytree': 0.7000000000000001, 'depth': 10, 'eval_metric': 'rmse', 'gamma': 0.65, 'min_child_weight': 2.0, 'objective': 'reg:linear', 'subsample': 0.7000000000000001}",488.87198357370653,60
61,388.72296,"{'colsample_bytree': 0.8, 'depth': 12, 'eval_metric': 'rmse', 'gamma': 0.8, 'min_child_weight': 14.0, 'objective': 'reg:linear', 'subsample': 0.75}",558.4024576577795,43
62,390.08652,"{'colsample_bytree': 0.75, 'depth': 5, 'eval_metric': 'rmse', 'gamma': 0.55, 'min_child_weight': 4.0, 'objective': 'reg:linear', 'subsample': 0.9}",990.9924812247118,414
63,393.16525,"{'colsample_bytree': 0.8, 'depth': 4, 'eval_metric': 'rmse', 'gamma': 0.9500000000000001, 'min_child_weight': 8.0, 'objective': 'reg:linear', 'subsample': 0.9}",1189.2692435489225,612
64,386.4502,"{'colsample_bytree': 0.8500000000000001, 'depth': 12, 'eval_metric': 'rmse', 'gamma': 0.5, 'min_child_weight': 12.0, 'objective': 'reg:linear', 'subsample': 0.9500000000000001}",542.6988500055159,35
65,387.36526,"{'colsample_bytree': 0.7000000000000001, 'depth': 6, 'eval_metric': 'rmse', 'gamma': 0.35000000000000003, 'min_child_weight': 14.0, 'objective': 'reg:linear', 'subsample': 0.8500000000000001}",913.1730100887507,325
66,404.5844,"{'colsample_bytree': 0.9, 'depth': 3, 'eval_metric': 'rmse', 'gamma': 0.65, 'min_child_weight': 12.0, 'objective': 'reg:linear', 'subsample': 0.9500000000000001}",778.4258578132649,469
67,399.59125,"{'colsample_bytree': 0.75, 'depth': 13, 'eval_metric': 'rmse', 'gamma': 0.4, 'min_child_weight': 8.0, 'objective': 'reg:linear', 'subsample': 0.6000000000000001}",514.6689596424258,32
68,387.84543,"{'colsample_bytree': 0.8500000000000001, 'depth': 10, 'eval_metric': 'rmse', 'gamma': 0.8, 'min_child_weight': 10.0, 'objective': 'reg:linear', 'subsample': 0.75}",486.56089107894513,44
69,421.1267,"{'colsample_bytree': 0.8, 'depth': 2, 'eval_metric': 'rmse', 'gamma': 0.25, 'min_child_weight': 14.0, 'objective': 'reg:linear', 'subsample': 0.8}",553.9701891769146,543
70,387.08868,"{'colsample_bytree': 0.7000000000000001, 'depth': 12, 'eval_metric': 'rmse', 'gamma': 0.9, 'min_child_weight': 12.0, 'objective': 'reg:linear', 'subsample': 0.7000000000000001}",554.9808895522947,54
51,380.83865,"{'colsample_bytree': 0.7000000000000001, 'depth': 15, 'eval_metric': 'rmse', 'gamma': 0.6000000000000001, 'min_child_weight': 900.0, 'objective': 'reg:linear', 'subsample': 1.0}",3116.0831160950474,485
52,380.63873,"{'colsample_bytree': 0.75, 'depth': 8, 'eval_metric': 'rmse', 'gamma': 0.5, 'min_child_weight': 750.0, 'objective': 'reg:linear', 'subsample': 0.9500000000000001}",1702.9036177230591,460
53,380.36435,"{'colsample_bytree': 0.8500000000000001, 'depth': 10, 'eval_metric': 'rmse', 'gamma': 0.9, 'min_child_weight': 1500.0, 'objective': 'reg:linear', 'subsample': 0.8500000000000001}",3371.936110134673,669
54,382.8439,"{'colsample_bytree': 0.8, 'depth': 7, 'eval_metric': 'rmse', 'gamma': 0.5, 'min_child_weight': 200.0, 'objective': 'reg:linear', 'subsample': 0.7000000000000001}",1048.711987255636,283
55,388.79218,"{'colsample_bytree': 0.9, 'depth': 14, 'eval_metric': 'rmse', 'gamma': 0.2, 'min_child_weight': 1350.0, 'objective': 'reg:linear', 'subsample': 0.5}",2461.062365776248,321
56,384.7892,"{'colsample_bytree': 0.9500000000000001, 'depth': 7, 'eval_metric': 'rmse', 'gamma': 0.15000000000000002, 'min_child_weight': 700.0, 'objective': 'reg:linear', 'subsample': 0.7000000000000001}",1675.594257468416,414
57,382.67136,"{'colsample_bytree': 0.9, 'depth': 11, 'eval_metric': 'rmse', 'gamma': 0.8, 'min_child_weight': 600.0, 'objective': 'reg:linear', 'subsample': 0.8}",1689.8609403424198,263
58,381.9044,"{'colsample_bytree': 0.9500000000000001, 'depth': 13, 'eval_metric': 'rmse', 'gamma': 0.35000000000000003, 'min_child_weight': 1200.0, 'objective': 'reg:linear', 'subsample': 0.65}",3404.4462065833504,462
59,381.2989,"{'colsample_bytree': 0.9, 'depth': 8, 'eval_metric': 'rmse', 'gamma': 0.8500000000000001, 'min_child_weight': 700.0, 'objective': 'reg:linear', 'subsample': 0.75}",2592.9385733089293,611
60,409.90656,"{'colsample_bytree': 0.9, 'depth': 2, 'eval_metric': 'rmse', 'gamma': 0.8, 'min_child_weight': 850.0, 'objective': 'reg:linear', 'subsample': 0.8500000000000001}",1426.5755832078285,1343
61,381.55875,"{'colsample_bytree': 0.8, 'depth': 9, 'eval_metric': 'rmse', 'gamma': 0.2, 'min_child_weight': 1100.0, 'objective': 'reg:linear', 'subsample': 0.8}",2294.0004903897643,534
62,385.1637,"{'colsample_bytree': 1.0, 'depth': 7, 'eval_metric': 'rmse', 'gamma': 0.30000000000000004, 'min_child_weight': 100.0, 'objective': 'reg:linear', 'subsample': 0.9}",932.0513100366807,194
63,388.362,"{'colsample_bytree': 0.8, 'depth': 5, 'eval_metric': 'rmse', 'gamma': 0.9500000000000001, 'min_child_weight': 450.0, 'objective': 'reg:linear', 'subsample': 0.55}",1289.089361588849,530
64,381.1175,"{'colsample_bytree': 0.9, 'depth': 13, 'eval_metric': 'rmse', 'gamma': 0.2, 'min_child_weight': 1050.0, 'objective': 'reg:linear', 'subsample': 0.8}",3495.844608983898,505
65,385.59106,"{'colsample_bytree': 0.9, 'depth': 4, 'eval_metric': 'rmse', 'gamma': 0.4, 'min_child_weight': 750.0, 'objective': 'reg:linear', 'subsample': 0.9500000000000001}",3056.3276448333636,1514
66,383.33807,"{'colsample_bytree': 0.8, 'depth': 8, 'eval_metric': 'rmse', 'gamma': 0.0, 'min_child_weight': 1100.0, 'objective': 'reg:linear', 'subsample': 0.65}",1209.2790221582982,292
67,382.69968,"{'colsample_bytree': 1.0, 'depth': 11, 'eval_metric': 'rmse', 'gamma': 0.35000000000000003, 'min_child_weight': 900.0, 'objective': 'reg:linear', 'subsample': 0.55}",2516.7720736335323,376
68,384.09964,"{'colsample_bytree': 0.8, 'depth': 10, 'eval_metric': 'rmse', 'gamma': 0.9500000000000001, 'min_child_weight': 1450.0, 'objective': 'reg:linear', 'subsample': 0.6000000000000001}",3474.6657061997394,750
69,380.20892,"{'colsample_bytree': 0.8500000000000001, 'depth': 8, 'eval_metric': 'rmse', 'gamma': 0.0, 'min_child_weight': 250.0, 'objective': 'reg:linear', 'subsample': 0.75}",1570.1664143623784,366
70,380.99072,"{'colsample_bytree': 0.9500000000000001, 'depth': 15, 'eval_metric': 'rmse', 'gamma': 0.8, 'min_child_weight': 900.0, 'objective': 'reg:linear', 'subsample': 1.0}",2210.0875074728974,236
71,380.2259,"{'colsample_bytree': 0.8500000000000001, 'depth': 10, 'eval_metric': 'rmse', 'gamma': 0.0, 'min_child_weight': 350.0, 'objective': 'reg:linear', 'subsample': 0.8500000000000001}",1601.52960331348,291
72,466.11823,"{'colsample_bytree': 0.8500000000000001, 'depth': 1, 'eval_metric': 'rmse', 'gamma': 0.0, 'min_child_weight': 350.0, 'objective': 'reg:linear', 'subsample': 0.75}",695.9984310092987,1238
73,383.6462,"{'colsample_bytree': 0.8500000000000001, 'depth': 6, 'eval_metric': 'rmse', 'gamma': 0.05, 'min_child_weight': 300.0, 'objective': 'reg:linear', 'subsample': 0.8500000000000001}",1206.4525588788383,379
74,381.19034,"{'colsample_bytree': 0.75, 'depth': 12, 'eval_metric': 'rmse', 'gamma': 0.1, 'min_child_weight': 500.0, 'objective': 'reg:linear', 'subsample': 0.9}",1480.2206510221004,242
75,395.86664,"{'colsample_bytree': 0.75, 'depth': 3, 'eval_metric': 'rmse', 'gamma': 0.6000000000000001, 'min_child_weight': 100.0, 'objective': 'reg:linear', 'subsample': 0.7000000000000001}",1105.1887849879859,803
76,378.75806,"{'colsample_bytree': 0.8500000000000001, 'depth': 10, 'eval_metric': 'rmse', 'gamma': 0.65, 'min_child_weight': 250.0, 'objective': 'reg:linear', 'subsample': 0.8}",1809.230092869373,333
77,379.40363,"{'colsample_bytree': 0.8500000000000001, 'depth': 10, 'eval_metric': 'rmse', 'gamma': 0.65, 'min_child_weight': 200.0, 'objective': 'reg:linear', 'subsample': 0.75}",1263.6532832060475,213
78,381.5523,"{'colsample_bytree': 0.7000000000000001, 'depth': 10, 'eval_metric': 'rmse', 'gamma': 0.7000000000000001, 'min_child_weight': 150.0, 'objective': 'reg:linear', 'subsample': 0.65}",955.6520727867901,186
79,381.24396,"{'colsample_bytree': 0.7000000000000001, 'depth': 10, 'eval_metric': 'rmse', 'gamma': 0.7000000000000001, 'min_child_weight': 500.0, 'objective': 'reg:linear', 'subsample': 0.8}",1048.3889140480605,213
80,384.52087,"{'colsample_bytree': 0.75, 'depth': 4, 'eval_metric': 'rmse', 'gamma': 0.65, 'min_child_weight': 450.0, 'objective': 'reg:linear', 'subsample': 0.9}",2082.9109180840605,1193
81,382.91937,"{'colsample_bytree': 0.9500000000000001, 'depth': 10, 'eval_metric': 'rmse', 'gamma': 0.55, 'min_child_weight': 600.0, 'objective': 'reg:linear', 'subsample': 0.7000000000000001}",1934.4864034705097,324
82,381.3796,"{'colsample_bytree': 0.8500000000000001, 'depth': 9, 'eval_metric': 'rmse', 'gamma': 0.45, 'min_child_weight': 200.0, 'objective': 'reg:linear', 'subsample': 0.9500000000000001}",1571.1251000664488,321
83,467.2927,"{'colsample_bytree': 0.8, 'depth': 1, 'eval_metric': 'rmse', 'gamma': 0.7000000000000001, 'min_child_weight': 600.0, 'objective': 'reg:linear', 'subsample': 0.6000000000000001}",497.14577373181237,900
84,381.16678,"{'colsample_bytree': 0.8500000000000001, 'depth': 14, 'eval_metric': 'rmse', 'gamma': 0.55, 'min_child_weight': 350.0, 'objective': 'reg:linear', 'subsample': 1.0}",1795.7413667024812,221
85,383.3943,"{'colsample_bytree': 0.8, 'depth': 6, 'eval_metric': 'rmse', 'gamma': 0.6000000000000001, 'min_child_weight': 200.0, 'objective': 'reg:linear', 'subsample': 0.75}",1430.495006619778,488
86,380.392,"{'colsample_bytree': 0.9, 'depth': 12, 'eval_metric': 'rmse', 'gamma': 0.75, 'min_child_weight': 400.0, 'objective': 'reg:linear', 'subsample': 0.7000000000000001}",3036.0921852589236,465
87,394.04306,"{'colsample_bytree': 0.9500000000000001, 'depth': 3, 'eval_metric': 'rmse', 'gamma': 0.45, 'min_child_weight': 100.0, 'objective': 'reg:linear', 'subsample': 0.8}",1743.0954489648575,1057
88,385.93546,"{'colsample_bytree': 0.75, 'depth': 5, 'eval_metric': 'rmse', 'gamma': 0.9, 'min_child_weight': 250.0, 'objective': 'reg:linear', 'subsample': 0.9500000000000001}",1483.7024883191916,659
89,408.99423,"{'colsample_bytree': 0.8500000000000001, 'depth': 2, 'eval_metric': 'rmse', 'gamma': 0.5, 'min_child_weight': 550.0, 'objective': 'reg:linear', 'subsample': 0.6000000000000001}",1410.1717829917907,1376
90,379.81992,"{'colsample_bytree': 0.9, 'depth': 15, 'eval_metric': 'rmse', 'gamma': 1.0, 'min_child_weight': 650.0, 'objective': 'reg:linear', 'subsample': 0.8500000000000001}",2587.6880393004394,303
91,383.95242,"{'colsample_bytree': 0.8, 'depth': 10, 'eval_metric': 'rmse', 'gamma': 0.65, 'min_child_weight': 1300.0, 'objective': 'reg:linear', 'subsample': 0.7000000000000001}",1431.9157122935867,277
92,382.77954,"{'colsample_bytree': 0.7000000000000001, 'depth': 10, 'eval_metric': 'rmse', 'gamma': 0.8500000000000001, 'min_child_weight': 750.0, 'objective': 'reg:linear', 'subsample': 0.65}",1726.077481583925,392
93,384.30356,"{'colsample_bytree': 0.9500000000000001, 'depth': 14, 'eval_metric': 'rmse', 'gamma': 0.30000000000000004, 'min_child_weight': 950.0, 'objective': 'reg:linear', 'subsample': 0.75}",2657.6026675407775,313
94,382.32303,"{'colsample_bytree': 0.9, 'depth': 7, 'eval_metric': 'rmse', 'gamma': 0.45, 'min_child_weight': 150.0, 'objective': 'reg:linear', 'subsample': 0.9}",1840.6545035677264,484
95,406.1151,"{'colsample_bytree': 1.0, 'depth': 2, 'eval_metric': 'rmse', 'gamma': 0.75, 'min_child_weight': 300.0, 'objective': 'reg:linear', 'subsample': 0.8}",2257.764203984174,1950
96,386.31168,"{'colsample_bytree': 0.8, 'depth': 13, 'eval_metric': 'rmse', 'gamma': 0.6000000000000001, 'min_child_weight': 800.0, 'objective': 'reg:linear', 'subsample': 0.5}",2218.1557091760915,344
97,380.56378,"{'colsample_bytree': 0.9, 'depth': 11, 'eval_metric': 'rmse', 'gamma': 0.8500000000000001, 'min_child_weight': 1000.0, 'objective': 'reg:linear', 'subsample': 0.8500000000000001}",3151.432156868279,542
98,382.3455,"{'colsample_bytree': 0.8500000000000001, 'depth': 5, 'eval_metric': 'rmse', 'gamma': 0.55, 'min_child_weight': 450.0, 'objective': 'reg:linear', 'subsample': 0.8}",1920.400636897306,764
99,384.11118,"{'colsample_bytree': 0.9, 'depth': 10, 'eval_metric': 'rmse', 'gamma': 0.30000000000000004, 'min_child_weight': 700.0, 'objective': 'reg:linear', 'subsample': 0.65}",2532.8164319381467,469
100,386.50006,"{'colsample_bytree': 0.75, 'depth': 9, 'eval_metric': 'rmse', 'gamma': 0.75, 'min_child_weight': 1200.0, 'objective': 'reg:linear', 'subsample': 0.55}",2281.5606489309575,566
101,387.70367,"{'colsample_bytree': 0.8, 'depth': 4, 'eval_metric': 'rmse', 'gamma': 0.4, 'min_child_weight': 150.0, 'objective': 'reg:linear', 'subsample': 0.7000000000000001}",1964.352841053449,1053
102,381.74072,"{'colsample_bytree': 0.8500000000000001, 'depth': 15, 'eval_metric': 'rmse', 'gamma': 0.9500000000000001, 'min_child_weight': 250.0, 'objective': 'reg:linear', 'subsample': 0.75}",1182.947411229543,113
103,379.52805,"{'colsample_bytree': 1.0, 'depth': 8, 'eval_metric': 'rmse', 'gamma': 0.25, 'min_child_weight': 400.0, 'objective': 'reg:linear', 'subsample': 0.9}",1590.1045444282354,317
104,467.33734,"{'colsample_bytree': 0.9500000000000001, 'depth': 1, 'eval_metric': 'rmse', 'gamma': 0.65, 'min_child_weight': 800.0, 'objective': 'reg:linear', 'subsample': 0.9500000000000001}",523.796607875498,847
105,381.04553,"{'colsample_bytree': 0.9, 'depth': 7, 'eval_metric': 'rmse', 'gamma': 0.8, 'min_child_weight': 650.0, 'objective': 'reg:linear', 'subsample': 0.8}",1518.6553531704121,393
106,379.72736,"{'colsample_bytree': 0.8, 'depth': 13, 'eval_metric': 'rmse', 'gamma': 0.9, 'min_child_weight': 1400.0, 'objective': 'reg:linear', 'subsample': 1.0}",3551.2999212938594,587
107,380.00888,"{'colsample_bytree': 0.8500000000000001, 'depth': 10, 'eval_metric': 'rmse', 'gamma': 0.5, 'min_child_weight': 550.0, 'objective': 'reg:linear', 'subsample': 0.8500000000000001}",1916.5510409477283,361
108,381.2579,"{'colsample_bytree': 0.8500000000000001, 'depth': 6, 'eval_metric': 'rmse', 'gamma': 0.35000000000000003, 'min_child_weight': 300.0, 'objective': 'reg:linear', 'subsample': 0.75}",1836.857812303584,605
109,382.40897,"{'colsample_bytree': 0.9, 'depth': 11, 'eval_metric': 'rmse', 'gamma': 0.4, 'min_child_weight': 1150.0, 'objective': 'reg:linear', 'subsample': 0.9}",3236.181271665031,550
110,395.498,"{'colsample_bytree': 0.7000000000000001, 'depth': 3, 'eval_metric': 'rmse', 'gamma': 0.8500000000000001, 'min_child_weight': 850.0, 'objective': 'reg:linear', 'subsample': 0.65}",1078.0642612657975,837
111,380.5594,"{'colsample_bytree': 0.75, 'depth': 12, 'eval_metric': 'rmse', 'gamma': 1.0, 'min_child_weight': 200.0, 'objective': 'reg:linear', 'subsample': 0.8500000000000001}",948.9834511893569,131
112,383.96365,"{'colsample_bytree': 0.8, 'depth': 10, 'eval_metric': 'rmse', 'gamma': 0.7000000000000001, 'min_child_weight': 400.0, 'objective': 'reg:linear', 'subsample': 0.6000000000000001}",1245.6833085946855,227
113,383.466,"{'colsample_bytree': 0.8500000000000001, 'depth': 14, 'eval_metric': 'rmse', 'gamma': 0.55, 'min_child_weight': 500.0, 'objective': 'reg:linear', 'subsample': 0.7000000000000001}",1624.4550098655163,197
114,384.16193,"{'colsample_bytree': 0.9500000000000001, 'depth': 10, 'eval_metric': 'rmse', 'gamma': 0.65, 'min_child_weight': 100.0, 'objective': 'reg:linear', 'subsample': 0.8}",738.3555582425324,86
115,383.66418,"{'colsample_bytree': 0.9, 'depth': 9, 'eval_metric': 'rmse', 'gamma': 0.25, 'min_child_weight': 1300.0, 'objective': 'reg:linear', 'subsample': 0.7000000000000001}",2106.3862491372274,433
116,379.52805,"{'colsample_bytree': 1.0, 'depth': 8, 'eval_metric': 'rmse', 'gamma': 0.1, 'min_child_weight': 400.0, 'objective': 'reg:linear', 'subsample': 0.9}",1593.0618984787143,317
117,382.89392,"{'colsample_bytree': 1.0, 'depth': 8, 'eval_metric': 'rmse', 'gamma': 0.05, 'min_child_weight': 350.0, 'objective': 'reg:linear', 'subsample': 0.9500000000000001}",1927.0933039505617,394
118,385.99503,"{'colsample_bytree': 1.0, 'depth': 8, 'eval_metric': 'rmse', 'gamma': 0.2, 'min_child_weight': 150.0, 'objective': 'reg:linear', 'subsample': 0.8500000000000001}",1178.3052713212091,216
119,379.10437,"{'colsample_bytree': 0.9500000000000001, 'depth': 8, 'eval_metric': 'rmse', 'gamma': 0.15000000000000002, 'min_child_weight': 250.0, 'objective': 'reg:linear', 'subsample': 0.9}",1868.8201337555074,400
120,381.3094,"{'colsample_bytree': 0.9500000000000001, 'depth': 8, 'eval_metric': 'rmse', 'gamma': 0.6000000000000001, 'min_child_weight': 250.0, 'objective': 'reg:linear', 'subsample': 0.8}",1404.1430247907992,287
121,384.036,"{'colsample_bytree': 0.9, 'depth': 4, 'eval_metric': 'rmse', 'gamma': 0.45, 'min_child_weight': 300.0, 'objective': 'reg:linear', 'subsample': 1.0}",2128.553891238058,1046
122,409.9086,"{'colsample_bytree': 0.9500000000000001, 'depth': 2, 'eval_metric': 'rmse', 'gamma': 0.5, 'min_child_weight': 550.0, 'objective': 'reg:linear', 'subsample': 0.75}",1537.9512814279296,1373
123,387.48926,"{'colsample_bytree': 0.8, 'depth': 5, 'eval_metric': 'rmse', 'gamma': 0.75, 'min_child_weight': 200.0, 'objective': 'reg:linear', 'subsample': 0.8500000000000001}",998.0396914232406,398
124,380.05682,"{'colsample_bytree': 0.8500000000000001, 'depth': 10, 'eval_metric': 'rmse', 'gamma': 0.8, 'min_child_weight': 650.0, 'objective': 'reg:linear', 'subsample': 0.9}",1825.6445629918016,341
125,467.78418,"{'colsample_bytree': 0.75, 'depth': 1, 'eval_metric': 'rmse', 'gamma': 0.6000000000000001, 'min_child_weight': 250.0, 'objective': 'reg:linear', 'subsample': 0.75}",441.3436612391379,844
126,381.73605,"{'colsample_bytree': 0.9500000000000001, 'depth': 6, 'eval_metric': 'rmse', 'gamma': 0.15000000000000002, 'min_child_weight': 450.0, 'objective': 'reg:linear', 'subsample': 0.8}",2522.333337075135,759
127,381.14362,"{'colsample_bytree': 0.8500000000000001, 'depth': 12, 'eval_metric': 'rmse', 'gamma': 0.35000000000000003, 'min_child_weight': 100.0, 'objective': 'reg:linear', 'subsample': 0.9500000000000001}",925.7924358741147,106
128,379.97913,"{'colsample_bytree': 0.9, 'depth': 15, 'eval_metric': 'rmse', 'gamma': 0.55, 'min_child_weight': 350.0, 'objective': 'reg:linear', 'subsample': 0.8500000000000001}",1400.2074810579652,136
129,382.35455,"{'colsample_bytree': 0.9, 'depth': 10, 'eval_metric': 'rmse', 'gamma': 0.65, 'min_child_weight': 150.0, 'objective': 'reg:linear', 'subsample': 0.8}",1194.639003209828,187
130,394.174,"{'colsample_bytree': 0.8500000000000001, 'depth': 3, 'eval_metric': 'rmse', 'gamma': 0.7000000000000001, 'min_child_weight': 500.0, 'objective': 'reg:linear', 'subsample': 0.75}",1531.9649244626635,1026
131,381.31992,"{'colsample_bytree': 0.8, 'depth': 13, 'eval_metric': 'rmse', 'gamma': 0.25, 'min_child_weight': 700.0, 'objective': 'reg:linear', 'subsample': 0.9500000000000001}",1890.8813057902735,278
